team,opponent,date,result,H/Ascored,conceded,recent_form,total_scored,total_conceded,avg_scrd,avg_cons
West Ham,Man City,11/08/07,L,H,0,2,,0,0,0.0,0.0
West Ham,Birmingham,18/08/07,L,A,0,1,L,0,2,0.0,1.0
West Ham,Wigan,25/08/07,D,H,1,1,LL,0,3,0.0,1.0
West Ham,Reading,01/09/07,L,A,0,3,LLD,1,4,0.25,1.0
West Ham,Middlesbrough,15/09/07,W,H,3,0,LLDL,1,7,0.2,1.4
West Ham,Newcastle,23/09/07,W,A,3,1,LLDLW,4,7,0.6666666666666666,1.1666666666666667
West Ham,Arsenal,29/09/07,L,H,0,1,LDLWW,7,8,1.0,1.1428571428571428
West Ham,Aston Villa,06/10/07,W,A,1,0,DLWWL,7,9,0.875,1.125
West Ham,Sunderland,21/10/07,W,H,3,1,LWWLW,8,9,0.8888888888888888,1.0
West Ham,Portsmouth,27/10/07,D,A,0,0,WWLWW,11,10,1.1,1.0
West Ham,Bolton,04/11/07,D,H,1,1,WLWWD,11,10,1.0,0.9090909090909091
West Ham,Derby,10/11/07,L,A,0,5,LWWDD,12,11,1.0,0.9166666666666666
West Ham,Tottenham,25/11/07,D,H,1,1,WWDDL,12,16,0.9230769230769231,1.2307692307692308
West Ham,Chelsea,01/12/07,W,A,1,0,WDDLD,13,17,0.9285714285714286,1.2142857142857142
West Ham,Blackburn,09/12/07,L,A,0,1,DDLDW,14,17,0.9333333333333333,1.1333333333333333
West Ham,Everton,15/12/07,L,H,0,2,DLDWL,14,18,0.875,1.125
West Ham,Middlesbrough,22/12/07,L,A,1,2,LDWLL,14,20,0.8235294117647058,1.1764705882352942
West Ham,Reading,26/12/07,D,H,1,1,DWLLL,15,22,0.8333333333333334,1.2222222222222223
West Ham,Man United,29/12/07,W,H,2,1,WLLLD,16,23,0.8421052631578947,1.2105263157894737
West Ham,Arsenal,01/01/08,W,A,2,0,LLLDW,18,24,0.9,1.2
West Ham,Fulham,12/01/08,W,H,2,1,LLDWW,20,24,0.9523809523809523,1.1428571428571428
West Ham,Man City,20/01/08,D,A,1,1,LDWWW,22,25,1.0,1.1363636363636365
West Ham,Liverpool,30/01/08,W,H,1,0,DWWWD,23,26,1.0,1.1304347826086956
West Ham,Wigan,02/02/08,W,A,1,0,WWWDW,24,26,1.0,1.0833333333333333
West Ham,Birmingham,09/02/08,D,H,1,1,WWDWW,25,26,1.0,1.04
West Ham,Fulham,23/02/08,L,A,0,1,WDWWD,26,27,1.0,1.0384615384615385
West Ham,Chelsea,01/03/08,L,H,0,4,DWWDL,26,28,0.9629629629629629,1.037037037037037
West Ham,Liverpool,05/03/08,W,A,4,0,WWDLL,26,32,0.9285714285714286,1.1428571428571428
West Ham,Tottenham,09/03/08,W,A,4,0,WDLLW,30,32,1.0344827586206897,1.103448275862069
West Ham,Blackburn,15/03/08,W,H,2,1,DLLWW,34,32,1.1333333333333333,1.0666666666666667
West Ham,Everton,22/03/08,D,A,1,1,LLWWW,36,33,1.1612903225806452,1.064516129032258
West Ham,Sunderland,29/03/08,W,A,2,1,LWWWD,37,34,1.15625,1.0625
West Ham,Portsmouth,08/04/08,L,H,0,1,WWWDW,39,35,1.1818181818181819,1.0606060606060606
West Ham,Bolton,12/04/08,W,A,1,0,WWDWL,39,36,1.1470588235294117,1.0588235294117647
West Ham,Derby,19/04/08,W,H,2,1,WDWLW,40,36,1.1428571428571428,1.0285714285714285
West Ham,Newcastle,26/04/08,D,H,2,2,DWLWW,42,37,1.1666666666666667,1.0277777777777777
West Ham,Man United,03/05/08,W,A,4,1,WLWWD,44,39,1.1891891891891893,1.054054054054054
West Ham,Aston Villa,11/05/08,D,H,2,2,LWWDW,48,40,1.263157894736842,1.0526315789473684
Arsenal,Fulham,12/08/07,W,H,2,1,,0,0,0.0,0.0
Arsenal,Blackburn,19/08/07,D,A,1,1,W,2,1,1.0,0.5
Arsenal,Man City,25/08/07,W,H,1,0,WD,3,2,1.0,0.6666666666666666
Arsenal,Portsmouth,02/09/07,W,H,3,1,WDW,4,2,1.0,0.5
Arsenal,Tottenham,15/09/07,L,A,1,3,WDWW,7,3,1.4,0.6
Arsenal,Derby,22/09/07,W,H,5,0,WDWWL,8,6,1.3333333333333333,1.0
Arsenal,West Ham,29/09/07,L,A,0,1,DWWLW,13,6,1.8571428571428572,0.8571428571428571
Arsenal,Sunderland,07/10/07,W,H,3,2,WWLWL,13,7,1.625,0.875
Arsenal,Bolton,20/10/07,W,H,2,0,WLWLW,16,9,1.7777777777777777,1.0
Arsenal,Liverpool,28/10/07,D,A,1,1,LWLWW,18,9,1.8,0.9
Arsenal,Man United,03/11/07,D,H,2,2,WLWWD,19,10,1.7272727272727273,0.9090909090909091
Arsenal,Reading,12/11/07,L,A,1,3,LWWDD,21,12,1.75,1.0
Arsenal,Wigan,24/11/07,W,H,2,0,WWDDL,22,15,1.6923076923076923,1.1538461538461537
Arsenal,Aston Villa,01/12/07,L,A,1,2,WDDLW,24,15,1.7142857142857142,1.0714285714285714
Arsenal,Newcastle,05/12/07,D,A,1,1,DDLWL,25,17,1.6666666666666667,1.1333333333333333
Arsenal,Middlesbrough,09/12/07,W,A,2,1,DLWLD,26,18,1.625,1.125
Arsenal,Chelsea,16/12/07,W,H,1,0,LWLDW,28,19,1.6470588235294117,1.1176470588235294
Arsenal,Tottenham,22/12/07,W,H,2,1,WLDWW,29,19,1.6111111111111112,1.0555555555555556
Arsenal,Portsmouth,26/12/07,D,A,0,0,LDWWW,31,20,1.631578947368421,1.0526315789473684
Arsenal,Everton,29/12/07,L,A,1,4,DWWWD,31,20,1.55,1.0
Arsenal,West Ham,01/01/08,W,H,2,0,WWWDL,32,24,1.5238095238095237,1.1428571428571428
Arsenal,Birmingham,12/01/08,D,H,1,1,WWDLW,34,24,1.5454545454545454,1.0909090909090908
Arsenal,Fulham,19/01/08,L,A,0,3,WDLWD,35,25,1.5217391304347827,1.0869565217391304
Arsenal,Newcastle,29/01/08,W,H,3,0,DLWDL,35,28,1.4583333333333333,1.1666666666666667
Arsenal,Man City,02/02/08,L,A,1,3,LWDLW,38,28,1.52,1.12
Arsenal,Blackburn,11/02/08,W,H,2,0,WDLWL,39,31,1.5,1.1923076923076923
Arsenal,Birmingham,23/02/08,D,A,2,2,DLWLW,41,31,1.5185185185185186,1.1481481481481481
Arsenal,Aston Villa,01/03/08,D,H,1,1,LWLWD,43,33,1.5357142857142858,1.1785714285714286
Arsenal,Wigan,09/03/08,D,A,0,0,WLWDD,44,34,1.5172413793103448,1.1724137931034482
Arsenal,Middlesbrough,15/03/08,D,H,1,1,LWDDD,44,34,1.4666666666666666,1.1333333333333333
Arsenal,Chelsea,23/03/08,W,A,2,1,WDDDD,45,35,1.4516129032258065,1.1290322580645162
Arsenal,Bolton,29/03/08,L,A,2,3,DDDDW,47,36,1.46875,1.125
Arsenal,Liverpool,05/04/08,D,H,1,1,DDDWL,49,39,1.4848484848484849,1.1818181818181819
Arsenal,Man United,13/04/08,W,A,2,1,DDWLD,50,40,1.4705882352941178,1.1764705882352942
Arsenal,Reading,19/04/08,W,H,2,0,DWLDW,52,41,1.4857142857142858,1.1714285714285715
Arsenal,Derby,28/04/08,L,A,2,6,WLDWW,54,41,1.5,1.1388888888888888
Arsenal,Everton,04/05/08,W,H,1,0,LDWWL,56,47,1.5135135135135136,1.2702702702702702
Arsenal,Sunderland,11/05/08,L,A,0,1,DWWLW,57,47,1.5,1.236842105263158
Chelsea,Birmingham,12/08/07,W,H,3,2,,0,0,0.0,0.0
Chelsea,Reading,15/08/07,L,A,1,2,W,3,2,1.5,1.0
Chelsea,Liverpool,19/08/07,D,A,1,1,WL,4,4,1.3333333333333333,1.3333333333333333
Chelsea,Portsmouth,25/08/07,W,H,1,0,WLD,5,5,1.25,1.25
Chelsea,Aston Villa,02/09/07,W,A,2,0,WLDW,6,5,1.2,1.0
Chelsea,Blackburn,15/09/07,D,H,0,0,WLDWW,8,5,1.3333333333333333,0.8333333333333334
Chelsea,Man United,23/09/07,W,A,2,0,LDWWD,8,5,1.1428571428571428,0.7142857142857143
Chelsea,Fulham,29/09/07,D,H,0,0,DWWDW,10,5,1.25,0.625
Chelsea,Bolton,07/10/07,L,A,0,1,WWDWD,10,5,1.1111111111111112,0.5555555555555556
Chelsea,Middlesbrough,20/10/07,L,A,0,2,WDWDL,10,6,1.0,0.6
Chelsea,Man City,27/10/07,W,H,6,0,DWDLL,10,8,0.9090909090909091,0.7272727272727273
Chelsea,Wigan,03/11/07,L,A,0,2,WDLLW,16,8,1.3333333333333333,0.6666666666666666
Chelsea,Everton,11/11/07,D,H,1,1,DLLWL,16,10,1.2307692307692308,0.7692307692307693
Chelsea,Derby,24/11/07,L,A,0,2,LLWLD,17,11,1.2142857142857142,0.7857142857142857
Chelsea,West Ham,01/12/07,W,H,1,0,LWLDL,17,13,1.1333333333333333,0.8666666666666667
Chelsea,Sunderland,08/12/07,W,H,2,0,WLDLW,18,13,1.125,0.8125
Chelsea,Arsenal,16/12/07,W,A,1,0,LDLWW,20,13,1.1764705882352942,0.7647058823529411
Chelsea,Blackburn,23/12/07,L,A,0,1,DLWWW,21,13,1.1666666666666667,0.7222222222222222
Chelsea,Aston Villa,26/12/07,D,H,4,4,LWWWL,21,14,1.105263157894737,0.7368421052631579
Chelsea,Newcastle,29/12/07,W,H,2,1,WWWLD,25,18,1.25,0.9
Chelsea,Fulham,01/01/08,L,A,1,2,WWLDW,27,19,1.2857142857142858,0.9047619047619048
Chelsea,Tottenham,12/01/08,W,H,2,0,WLDWL,28,21,1.2727272727272727,0.9545454545454546
Chelsea,Birmingham,19/01/08,L,A,0,1,LDWLW,30,21,1.3043478260869565,0.9130434782608695
Chelsea,Reading,30/01/08,W,H,1,0,DWLWL,30,22,1.25,0.9166666666666666
Chelsea,Portsmouth,02/02/08,D,A,1,1,WLWLW,31,22,1.24,0.88
Chelsea,Liverpool,10/02/08,D,H,0,0,LWLWD,32,23,1.2307692307692308,0.8846153846153846
Chelsea,West Ham,01/03/08,L,A,0,4,WLWDD,32,23,1.1851851851851851,0.8518518518518519
Chelsea,Derby,12/03/08,W,H,6,1,LWDDL,32,27,1.1428571428571428,0.9642857142857143
Chelsea,Sunderland,15/03/08,L,A,0,1,WDDLW,38,28,1.3103448275862069,0.9655172413793104
Chelsea,Tottenham,19/03/08,D,A,4,4,DDLWL,38,29,1.2666666666666666,0.9666666666666667
Chelsea,Arsenal,23/03/08,W,H,2,1,DLWLD,42,33,1.3548387096774193,1.064516129032258
Chelsea,Middlesbrough,30/03/08,W,H,1,0,LWLDW,44,34,1.375,1.0625
Chelsea,Man City,05/04/08,L,A,0,2,WLDWW,45,34,1.3636363636363635,1.0303030303030303
Chelsea,Wigan,14/04/08,D,H,1,1,LDWWL,45,36,1.3235294117647058,1.0588235294117647
Chelsea,Everton,17/04/08,L,A,0,1,DWWLD,46,37,1.3142857142857143,1.0571428571428572
Chelsea,Man United,26/04/08,W,H,2,1,WWLDL,46,38,1.2777777777777777,1.0555555555555556
Chelsea,Newcastle,05/05/08,L,A,0,2,WLDLW,48,39,1.2972972972972974,1.054054054054054
Chelsea,Bolton,11/05/08,D,H,1,1,LDLWL,48,41,1.263157894736842,1.0789473684210527
Middlesbrough,Blackburn,11/08/07,L,H,1,2,,0,0,0.0,0.0
Middlesbrough,Wigan,15/08/07,W,A,1,0,L,1,2,0.5,1.0
Middlesbrough,Fulham,18/08/07,L,A,1,2,LW,2,2,0.6666666666666666,0.6666666666666666
Middlesbrough,Newcastle,26/08/07,D,H,2,2,LWL,3,4,0.75,1.0
Middlesbrough,Birmingham,01/09/07,W,H,2,0,LWLD,5,6,1.0,1.2
Middlesbrough,West Ham,15/09/07,W,A,3,0,LWLDW,7,6,1.1666666666666667,1.0
Middlesbrough,Sunderland,22/09/07,D,H,2,2,WLDWW,10,6,1.4285714285714286,0.8571428571428571
Middlesbrough,Everton,30/09/07,W,A,2,0,LDWWD,12,8,1.5,1.0
Middlesbrough,Man City,07/10/07,W,A,3,1,DWWDW,14,8,1.5555555555555556,0.8888888888888888
Middlesbrough,Chelsea,20/10/07,L,H,0,2,WWDWW,17,9,1.7,0.9
Middlesbrough,Man United,27/10/07,W,A,4,1,WDWWL,17,11,1.5454545454545454,1.0
Middlesbrough,Tottenham,03/11/07,D,H,1,1,DWWLW,21,12,1.75,1.0
Middlesbrough,Bolton,11/11/07,D,A,0,0,WWLWD,22,13,1.6923076923076923,1.0
Middlesbrough,Aston Villa,24/11/07,L,H,0,3,WLWDD,22,13,1.5714285714285714,0.9285714285714286
Middlesbrough,Reading,01/12/07,D,A,1,1,LWDDL,22,16,1.4666666666666666,1.0666666666666667
Middlesbrough,Arsenal,09/12/07,W,H,2,1,WDDLD,23,17,1.4375,1.0625
Middlesbrough,Derby,15/12/07,L,A,0,1,DDLDW,25,18,1.4705882352941178,1.0588235294117647
Middlesbrough,West Ham,22/12/07,L,H,1,2,DLDWL,25,19,1.3888888888888888,1.0555555555555556
Middlesbrough,Birmingham,26/12/07,W,A,3,0,LDWLL,26,21,1.368421052631579,1.105263157894737
Middlesbrough,Portsmouth,29/12/07,L,A,0,1,DWLLW,29,21,1.45,1.05
Middlesbrough,Everton,01/01/08,L,H,0,2,WLLWL,29,22,1.380952380952381,1.0476190476190477
Middlesbrough,Liverpool,12/01/08,D,H,1,1,LLWLL,29,24,1.3181818181818181,1.0909090909090908
Middlesbrough,Blackburn,19/01/08,D,A,1,1,LWLLD,30,25,1.3043478260869565,1.0869565217391304
Middlesbrough,Wigan,29/01/08,W,H,1,0,WLLDD,31,26,1.2916666666666667,1.0833333333333333
Middlesbrough,Newcastle,03/02/08,D,A,1,1,LLDDW,32,26,1.28,1.04
Middlesbrough,Fulham,09/02/08,W,H,1,0,LDDWD,33,27,1.2692307692307692,1.0384615384615385
Middlesbrough,Liverpool,23/02/08,W,A,3,2,DDWDW,34,27,1.2592592592592593,1.0
Middlesbrough,Reading,01/03/08,L,H,0,1,DWDWW,37,29,1.3214285714285714,1.0357142857142858
Middlesbrough,Aston Villa,12/03/08,D,A,1,1,WDWWL,37,30,1.2758620689655173,1.0344827586206897
Middlesbrough,Arsenal,15/03/08,D,A,1,1,DWWLD,38,31,1.2666666666666666,1.0333333333333334
Middlesbrough,Derby,22/03/08,W,H,1,0,WWLDD,39,32,1.2580645161290323,1.032258064516129
Middlesbrough,Chelsea,30/03/08,W,A,1,0,WLDDW,40,32,1.25,1.0
Middlesbrough,Man United,06/04/08,D,H,2,2,LDDWW,41,32,1.2424242424242424,0.9696969696969697
Middlesbrough,Tottenham,12/04/08,D,A,1,1,DDWWD,43,34,1.2647058823529411,1.0
Middlesbrough,Bolton,19/04/08,L,H,0,1,DWWDD,44,35,1.2571428571428571,1.0
Middlesbrough,Sunderland,26/04/08,W,A,3,2,WWDDL,44,36,1.2222222222222223,1.0
Middlesbrough,Portsmouth,03/05/08,W,H,2,0,WDDLW,47,38,1.2702702702702702,1.027027027027027
Middlesbrough,Man City,11/05/08,W,H,8,1,DDLWW,49,38,1.2894736842105263,1.0
Aston Villa,Liverpool,11/08/07,L,H,1,2,,0,0,0.0,0.0
Aston Villa,Newcastle,18/08/07,D,A,0,0,L,1,2,0.5,1.0
Aston Villa,Fulham,25/08/07,W,H,2,1,LD,1,2,0.3333333333333333,0.6666666666666666
Aston Villa,Chelsea,02/09/07,W,H,2,0,LDW,3,3,0.75,0.75
Aston Villa,Man City,16/09/07,W,A,1,0,LDWW,5,3,1.0,0.6
Aston Villa,Everton,23/09/07,W,H,2,0,LDWWW,6,3,1.0,0.5
Aston Villa,Tottenham,01/10/07,D,A,4,4,DWWWW,8,3,1.1428571428571428,0.42857142857142855
Aston Villa,West Ham,06/10/07,W,H,1,0,WWWWD,12,7,1.5,0.875
Aston Villa,Man United,20/10/07,L,H,1,4,WWWDW,13,7,1.4444444444444444,0.7777777777777778
Aston Villa,Bolton,28/10/07,D,A,1,1,WWDWL,14,11,1.4,1.1
Aston Villa,Derby,03/11/07,W,H,2,0,WDWLD,15,12,1.3636363636363635,1.0909090909090908
Aston Villa,Birmingham,11/11/07,L,A,1,2,DWLDW,17,12,1.4166666666666667,1.0
Aston Villa,Middlesbrough,24/11/07,L,A,0,3,WLDWL,18,14,1.3846153846153846,1.0769230769230769
Aston Villa,Blackburn,28/11/07,L,A,0,4,LDWLL,18,17,1.2857142857142858,1.2142857142857142
Aston Villa,Arsenal,01/12/07,L,H,1,2,DWLLL,18,21,1.2,1.4
Aston Villa,Portsmouth,08/12/07,L,H,1,3,WLLLL,19,23,1.1875,1.4375
Aston Villa,Sunderland,15/12/07,D,A,1,1,LLLLL,20,26,1.1764705882352942,1.5294117647058822
Aston Villa,Man City,22/12/07,D,H,1,1,LLLLD,21,27,1.1666666666666667,1.5
Aston Villa,Chelsea,26/12/07,D,A,4,4,LLLDD,22,28,1.1578947368421053,1.4736842105263157
Aston Villa,Wigan,29/12/07,L,A,1,2,LLDDD,26,32,1.3,1.6
Aston Villa,Tottenham,01/01/08,W,H,2,1,LDDDL,27,34,1.2857142857142858,1.619047619047619
Aston Villa,Reading,12/01/08,W,H,3,1,DDDLW,29,35,1.3181818181818181,1.5909090909090908
Aston Villa,Liverpool,21/01/08,D,A,2,2,DDLWW,32,36,1.391304347826087,1.565217391304348
Aston Villa,Blackburn,26/01/08,D,H,1,1,DLWWD,34,38,1.4166666666666667,1.5833333333333333
Aston Villa,Fulham,03/02/08,W,A,2,1,LWWDD,35,39,1.4,1.56
Aston Villa,Newcastle,09/02/08,W,H,4,1,WWDDW,37,40,1.4230769230769231,1.5384615384615385
Aston Villa,Reading,24/02/08,L,A,1,2,WDDWW,41,41,1.5185185185185186,1.5185185185185186
Aston Villa,Arsenal,01/03/08,D,A,1,1,DDWWL,42,43,1.5,1.5357142857142858
Aston Villa,Middlesbrough,12/03/08,D,H,1,1,DWWLD,43,44,1.4827586206896552,1.5172413793103448
Aston Villa,Portsmouth,15/03/08,W,A,2,0,WWLDD,44,45,1.4666666666666666,1.5
Aston Villa,Sunderland,22/03/08,L,H,0,1,WLDDW,46,45,1.4838709677419355,1.4516129032258065
Aston Villa,Man United,29/03/08,W,A,4,0,LDDWL,46,46,1.4375,1.4375
Aston Villa,Bolton,05/04/08,W,H,4,0,DDWLW,50,46,1.5151515151515151,1.393939393939394
Aston Villa,Derby,12/04/08,L,A,0,6,DWLWW,54,46,1.588235294117647,1.3529411764705883
Aston Villa,Birmingham,20/04/08,W,H,5,1,WLWWL,54,52,1.542857142857143,1.4857142857142858
Aston Villa,Everton,27/04/08,D,A,2,2,LWWLW,59,53,1.6388888888888888,1.4722222222222223
Aston Villa,Wigan,03/05/08,L,H,0,2,WWLWD,61,55,1.6486486486486487,1.4864864864864864
Aston Villa,West Ham,11/05/08,D,A,2,2,WLWDL,61,57,1.605263157894737,1.5
Portsmouth,Derby,11/08/07,D,A,2,2,,0,0,0.0,0.0
Portsmouth,Man United,15/08/07,D,H,1,1,D,2,2,1.0,1.0
Portsmouth,Bolton,18/08/07,W,H,3,1,DD,3,3,1.0,1.0
Portsmouth,Chelsea,25/08/07,W,A,1,0,DDW,6,4,1.5,1.0
Portsmouth,Arsenal,02/09/07,W,A,3,1,DDWW,7,4,1.4,0.8
Portsmouth,Liverpool,15/09/07,D,H,0,0,DDWWW,10,5,1.6666666666666667,0.8333333333333334
Portsmouth,Blackburn,23/09/07,L,A,0,1,DWWWD,10,5,1.4285714285714286,0.7142857142857143
Portsmouth,Reading,29/09/07,W,H,7,4,WWWDL,10,6,1.25,0.75
Portsmouth,Fulham,07/10/07,L,A,0,2,WWDLW,17,10,1.8888888888888888,1.1111111111111112
Portsmouth,Wigan,20/10/07,L,A,0,2,WDLWL,17,12,1.7,1.2
Portsmouth,West Ham,27/10/07,D,H,0,0,DLWLL,17,14,1.5454545454545454,1.2727272727272727
Portsmouth,Newcastle,03/11/07,L,A,1,4,LWLLD,17,14,1.4166666666666667,1.1666666666666667
Portsmouth,Man City,11/11/07,D,H,0,0,WLLDL,18,18,1.3846153846153846,1.3846153846153846
Portsmouth,Birmingham,24/11/07,L,A,0,2,LLDLD,18,18,1.2857142857142858,1.2857142857142858
Portsmouth,Everton,01/12/07,D,H,0,0,LDLDL,18,20,1.2,1.3333333333333333
Portsmouth,Aston Villa,08/12/07,L,A,1,3,DLDLD,18,20,1.125,1.25
Portsmouth,Tottenham,15/12/07,L,H,0,1,LDLDL,19,23,1.1176470588235294,1.3529411764705883
Portsmouth,Liverpool,22/12/07,W,A,4,1,DLDLL,19,24,1.0555555555555556,1.3333333333333333
Portsmouth,Arsenal,26/12/07,D,H,0,0,LDLLW,23,25,1.2105263157894737,1.3157894736842106
Portsmouth,Middlesbrough,29/12/07,L,H,0,1,DLLWD,23,25,1.15,1.25
Portsmouth,Reading,01/01/08,L,A,0,2,LLWDL,23,26,1.0952380952380953,1.2380952380952381
Portsmouth,Sunderland,13/01/08,W,A,2,0,LWDLL,23,28,1.0454545454545454,1.2727272727272727
Portsmouth,Derby,19/01/08,W,H,3,1,WDLLW,25,28,1.0869565217391304,1.2173913043478262
Portsmouth,Man United,30/01/08,W,A,2,0,DLLWW,28,29,1.1666666666666667,1.2083333333333333
Portsmouth,Chelsea,02/02/08,D,H,1,1,LLWWW,30,29,1.2,1.16
Portsmouth,Bolton,09/02/08,L,A,0,1,LWWWD,31,30,1.1923076923076923,1.1538461538461537
Portsmouth,Sunderland,23/02/08,W,H,1,0,WWWDL,31,31,1.1481481481481481,1.1481481481481481
Portsmouth,Everton,02/03/08,W,A,3,1,WWDLW,32,31,1.1428571428571428,1.1071428571428572
Portsmouth,Birmingham,12/03/08,W,H,4,2,WDLWW,35,32,1.206896551724138,1.103448275862069
Portsmouth,Aston Villa,15/03/08,W,H,2,0,DLWWW,39,34,1.3,1.1333333333333333
Portsmouth,Tottenham,22/03/08,W,A,2,0,LWWWW,41,34,1.3225806451612903,1.096774193548387
Portsmouth,Wigan,29/03/08,W,H,2,0,WWWWW,43,34,1.34375,1.0625
Portsmouth,West Ham,08/04/08,L,A,0,1,WWWWW,45,34,1.3636363636363635,1.0303030303030303
Portsmouth,Newcastle,12/04/08,D,H,0,0,WWWWL,45,35,1.3235294117647058,1.0294117647058822
Portsmouth,Man City,20/04/08,W,A,3,1,WWWLD,45,35,1.2857142857142858,1.0
Portsmouth,Blackburn,27/04/08,L,H,0,1,WWLDW,48,36,1.3333333333333333,1.0
Portsmouth,Middlesbrough,03/05/08,W,A,2,0,WLDWL,48,37,1.2972972972972974,1.0
Portsmouth,Fulham,11/05/08,L,H,0,1,LDWLW,50,37,1.3157894736842106,0.9736842105263158
Sunderland,Tottenham,11/08/07,W,H,1,0,,0,0,0.0,0.0
Sunderland,Birmingham,15/08/07,D,A,2,2,W,1,0,0.5,0.0
Sunderland,Wigan,18/08/07,W,A,3,0,WD,3,2,1.0,0.6666666666666666
Sunderland,Liverpool,25/08/07,L,H,0,2,WDW,6,2,1.5,0.5
Sunderland,Man United,01/09/07,W,A,1,0,WDWL,6,4,1.2,0.8
Sunderland,Reading,15/09/07,W,H,2,1,WDWLW,7,4,1.1666666666666667,0.6666666666666666
Sunderland,Middlesbrough,22/09/07,D,A,2,2,DWLWW,9,5,1.2857142857142858,0.7142857142857143
Sunderland,Blackburn,29/09/07,L,H,1,2,WLWWD,11,7,1.375,0.875
Sunderland,Arsenal,07/10/07,W,A,3,2,LWWDL,12,9,1.3333333333333333,1.0
Sunderland,West Ham,21/10/07,W,A,3,1,WWDLW,15,11,1.5,1.1
Sunderland,Fulham,27/10/07,D,H,1,1,WDLWW,18,12,1.6363636363636365,1.0909090909090908
Sunderland,Man City,05/11/07,W,A,1,0,DLWWD,19,13,1.5833333333333333,1.0833333333333333
Sunderland,Newcastle,10/11/07,D,H,1,1,LWWDW,20,13,1.5384615384615385,1.0
Sunderland,Everton,24/11/07,W,A,7,1,WWDWD,21,14,1.5,1.0
Sunderland,Derby,01/12/07,W,H,1,0,WDWDW,28,15,1.8666666666666667,1.0
Sunderland,Chelsea,08/12/07,W,A,2,0,DWDWW,29,15,1.8125,0.9375
Sunderland,Aston Villa,15/12/07,D,H,1,1,WDWWW,31,15,1.8235294117647058,0.8823529411764706
Sunderland,Reading,22/12/07,W,A,2,1,DWWWD,32,16,1.7777777777777777,0.8888888888888888
Sunderland,Man United,26/12/07,L,H,0,4,WWWDW,34,17,1.7894736842105263,0.8947368421052632
Sunderland,Bolton,29/12/07,W,H,3,1,WWDWL,34,21,1.7,1.05
Sunderland,Blackburn,02/01/08,W,A,1,0,WDWLW,37,22,1.7619047619047619,1.0476190476190477
Sunderland,Portsmouth,13/01/08,W,H,2,0,DWLWW,38,22,1.7272727272727273,1.0
Sunderland,Tottenham,19/01/08,W,A,2,0,WLWWW,40,22,1.7391304347826086,0.9565217391304348
Sunderland,Birmingham,29/01/08,W,H,2,0,LWWWW,42,22,1.75,0.9166666666666666
Sunderland,Liverpool,02/02/08,W,A,3,0,WWWWW,44,22,1.76,0.88
Sunderland,Wigan,09/02/08,W,H,2,0,WWWWW,47,22,1.8076923076923077,0.8461538461538461
Sunderland,Portsmouth,23/02/08,W,A,1,0,WWWWW,49,22,1.8148148148148149,0.8148148148148148
Sunderland,Derby,01/03/08,D,A,0,0,WWWWW,50,22,1.7857142857142858,0.7857142857142857
Sunderland,Everton,09/03/08,L,H,0,1,WWWWD,50,22,1.7241379310344827,0.7586206896551724
Sunderland,Chelsea,15/03/08,L,H,0,1,WWWDL,50,23,1.6666666666666667,0.7666666666666667
Sunderland,Aston Villa,22/03/08,L,A,0,1,WWDLL,50,24,1.6129032258064515,0.7741935483870968
Sunderland,West Ham,29/03/08,W,H,2,1,WDLLL,50,25,1.5625,0.78125
Sunderland,Fulham,05/04/08,L,A,1,3,DLLLW,52,26,1.5757575757575757,0.7878787878787878
Sunderland,Man City,12/04/08,L,H,1,2,LLLWL,53,29,1.5588235294117647,0.8529411764705882
Sunderland,Newcastle,20/04/08,W,A,2,0,LLWLL,54,31,1.542857142857143,0.8857142857142857
Sunderland,Middlesbrough,26/04/08,W,H,3,2,LWLLW,56,31,1.5555555555555556,0.8611111111111112
Sunderland,Bolton,03/05/08,W,A,2,0,WLLWW,59,33,1.5945945945945945,0.8918918918918919
Sunderland,Arsenal,11/05/08,L,H,0,1,LLWWW,61,33,1.605263157894737,0.868421052631579
Tottenham,Sunderland,11/08/07,W,A,1,0,,0,0,0.0,0.0
Tottenham,Everton,14/08/07,L,H,1,3,W,1,0,0.5,0.0
Tottenham,Derby,18/08/07,W,H,4,0,WL,2,3,0.6666666666666666,1.0
Tottenham,Man United,26/08/07,W,A,1,0,WLW,6,3,1.5,0.75
Tottenham,Fulham,01/09/07,D,A,3,3,WLWW,7,3,1.4,0.6
Tottenham,Arsenal,15/09/07,L,H,1,3,WLWWD,10,6,1.6666666666666667,1.0
Tottenham,Bolton,23/09/07,D,A,1,1,LWWDL,11,9,1.5714285714285714,1.2857142857142858
Tottenham,Aston Villa,01/10/07,D,H,4,4,WWDLD,12,10,1.5,1.25
Tottenham,Liverpool,07/10/07,D,A,2,2,WDLDD,16,14,1.7777777777777777,1.5555555555555556
Tottenham,Newcastle,22/10/07,W,A,3,1,DLDDD,18,16,1.8,1.6
Tottenham,Blackburn,28/10/07,L,H,1,2,LDDDW,21,17,1.9090909090909092,1.5454545454545454
Tottenham,Middlesbrough,03/11/07,D,A,1,1,DDDWL,22,19,1.8333333333333333,1.5833333333333333
Tottenham,Wigan,11/11/07,W,H,4,0,DDWLD,23,20,1.7692307692307692,1.5384615384615385
Tottenham,West Ham,25/11/07,D,A,1,1,DWLDW,27,20,1.9285714285714286,1.4285714285714286
Tottenham,Birmingham,02/12/07,L,H,2,3,WLDWD,28,21,1.8666666666666667,1.4
Tottenham,Man City,09/12/07,W,H,2,1,LDWDL,30,24,1.875,1.5
Tottenham,Portsmouth,15/12/07,L,A,0,1,DWDLW,32,25,1.8823529411764706,1.4705882352941178
Tottenham,Arsenal,22/12/07,W,A,2,1,WDLWL,32,26,1.7777777777777777,1.4444444444444444
Tottenham,Fulham,26/12/07,W,H,5,1,DLWLW,34,27,1.7894736842105263,1.4210526315789473
Tottenham,Reading,29/12/07,W,H,6,4,LWLWW,39,28,1.95,1.4
Tottenham,Aston Villa,01/01/08,W,A,2,1,WLWWW,45,32,2.142857142857143,1.5238095238095237
Tottenham,Chelsea,12/01/08,W,A,2,0,LWWWW,47,33,2.1363636363636362,1.5
Tottenham,Sunderland,19/01/08,W,H,2,0,WWWWW,49,33,2.130434782608696,1.434782608695652
Tottenham,Everton,30/01/08,D,A,0,0,WWWWW,51,33,2.125,1.375
Tottenham,Man United,02/02/08,D,H,1,1,WWWWD,51,33,2.04,1.32
Tottenham,Derby,09/02/08,L,A,0,3,WWWDD,52,34,2.0,1.3076923076923077
Tottenham,Birmingham,01/03/08,W,A,4,1,WWDDL,52,37,1.9259259259259258,1.3703703703703705
Tottenham,West Ham,09/03/08,W,H,4,0,WDDLW,56,38,2.0,1.3571428571428572
Tottenham,Man City,16/03/08,W,A,2,1,DDLWW,60,38,2.0689655172413794,1.3103448275862069
Tottenham,Chelsea,19/03/08,D,H,4,4,DLWWW,62,39,2.066666666666667,1.3
Tottenham,Portsmouth,22/03/08,W,H,2,0,LWWWD,66,43,2.129032258064516,1.3870967741935485
Tottenham,Newcastle,30/03/08,L,H,1,4,WWWDW,68,43,2.125,1.34375
Tottenham,Blackburn,05/04/08,D,A,1,1,WWDWL,69,47,2.090909090909091,1.4242424242424243
Tottenham,Middlesbrough,12/04/08,D,H,1,1,WDWLD,70,48,2.0588235294117645,1.411764705882353
Tottenham,Wigan,19/04/08,D,A,1,1,DWLDD,71,49,2.0285714285714285,1.4
Tottenham,Bolton,26/04/08,D,H,1,1,WLDDD,72,50,2.0,1.3888888888888888
Tottenham,Reading,03/05/08,L,A,0,1,LDDDD,73,51,1.972972972972973,1.3783783783783783
Tottenham,Liverpool,11/05/08,L,H,0,2,DDDDL,73,52,1.9210526315789473,1.368421052631579
Derby,Portsmouth,11/08/07,D,H,2,2,,0,0,0.0,0.0
Derby,Man City,15/08/07,W,A,1,0,D,2,2,1.0,1.0
Derby,Tottenham,18/08/07,W,A,4,0,DW,3,2,1.0,0.6666666666666666
Derby,Birmingham,25/08/07,L,H,1,2,DWW,7,2,1.75,0.5
Derby,Liverpool,01/09/07,W,A,6,0,DWWL,8,4,1.6,0.8
Derby,Newcastle,17/09/07,W,H,1,0,DWWLW,14,4,2.3333333333333335,0.6666666666666666
Derby,Arsenal,22/09/07,W,A,5,0,WWLWW,15,4,2.142857142857143,0.5714285714285714
Derby,Bolton,29/09/07,D,H,1,1,WLWWW,20,4,2.5,0.5
Derby,Reading,07/10/07,W,A,1,0,LWWWD,21,5,2.3333333333333335,0.5555555555555556
Derby,Fulham,20/10/07,D,A,0,0,WWWDW,22,5,2.2,0.5
Derby,Everton,28/10/07,L,H,0,2,WWDWD,22,5,2.0,0.45454545454545453
Derby,Aston Villa,03/11/07,W,A,2,0,WDWDL,22,7,1.8333333333333333,0.5833333333333334
Derby,West Ham,10/11/07,L,H,0,5,DWDLW,24,7,1.8461538461538463,0.5384615384615384
Derby,Chelsea,24/11/07,L,H,0,2,WDLWL,24,12,1.7142857142857142,0.8571428571428571
Derby,Sunderland,01/12/07,W,A,1,0,DLWLL,24,14,1.6,0.9333333333333333
Derby,Man United,08/12/07,W,A,4,1,LWLLW,25,14,1.5625,0.875
Derby,Middlesbrough,15/12/07,L,H,0,1,WLLWW,29,15,1.7058823529411764,0.8823529411764706
Derby,Newcastle,23/12/07,D,A,2,2,LLWWL,29,16,1.6111111111111112,0.8888888888888888
Derby,Liverpool,26/12/07,L,H,1,2,LWWLD,31,18,1.631578947368421,0.9473684210526315
Derby,Blackburn,30/12/07,L,H,1,2,WWLDL,32,20,1.6,1.0
Derby,Bolton,02/01/08,W,A,1,0,WLDLL,33,22,1.5714285714285714,1.0476190476190477
Derby,Wigan,12/01/08,L,H,0,1,LDLLW,34,22,1.5454545454545454,1.0
Derby,Portsmouth,19/01/08,W,A,3,1,DLLWL,34,23,1.4782608695652173,1.0
Derby,Man City,30/01/08,D,H,1,1,LLWLW,37,24,1.5416666666666667,1.0
Derby,Birmingham,02/02/08,D,A,1,1,LWLWD,38,25,1.52,1.0
Derby,Tottenham,09/02/08,L,H,0,3,WLWDD,39,26,1.5,1.0
Derby,Wigan,23/02/08,W,A,2,0,LWDDL,39,29,1.4444444444444444,1.0740740740740742
Derby,Sunderland,01/03/08,D,H,0,0,WDDLW,41,29,1.4642857142857142,1.0357142857142858
Derby,Chelsea,12/03/08,W,A,6,1,DDLWD,41,29,1.4137931034482758,1.0
Derby,Man United,15/03/08,L,H,0,1,DLWDW,47,30,1.5666666666666667,1.0
Derby,Middlesbrough,22/03/08,W,A,1,0,LWDWL,47,31,1.5161290322580645,1.0
Derby,Fulham,29/03/08,D,H,2,2,WDWLW,48,31,1.5,0.96875
Derby,Everton,06/04/08,W,A,1,0,DWLWD,50,33,1.5151515151515151,1.0
Derby,Aston Villa,12/04/08,L,H,0,6,WLWDW,51,33,1.5,0.9705882352941176
Derby,West Ham,19/04/08,W,A,2,1,LWDWL,51,39,1.457142857142857,1.1142857142857143
Derby,Arsenal,28/04/08,L,H,2,6,WDWLW,53,40,1.4722222222222223,1.1111111111111112
Derby,Blackburn,03/05/08,W,A,3,1,DWLWL,55,46,1.4864864864864864,1.2432432432432432
Derby,Reading,11/05/08,L,H,0,4,WLWLW,58,47,1.5263157894736843,1.236842105263158
Wigan,Everton,11/08/07,W,A,2,1,,0,0,0.0,0.0
Wigan,Middlesbrough,15/08/07,W,H,1,0,W,2,1,1.0,0.5
Wigan,Sunderland,18/08/07,W,H,3,0,WW,3,1,1.0,0.3333333333333333
Wigan,West Ham,25/08/07,D,A,1,1,WWW,6,1,1.5,0.25
Wigan,Newcastle,01/09/07,W,A,1,0,WWWD,7,2,1.4,0.4
Wigan,Fulham,15/09/07,D,H,1,1,WWWDW,8,2,1.3333333333333333,0.3333333333333333
Wigan,Reading,22/09/07,W,A,2,1,WWDWD,9,3,1.2857142857142858,0.42857142857142855
Wigan,Liverpool,29/09/07,L,H,0,1,WDWDW,11,4,1.375,0.5
Wigan,Man United,06/10/07,W,A,4,0,DWDWL,11,5,1.2222222222222223,0.5555555555555556
Wigan,Portsmouth,20/10/07,L,H,0,2,WDWLW,15,5,1.5,0.5
Wigan,Birmingham,27/10/07,W,A,3,2,DWLWL,15,7,1.3636363636363635,0.6363636363636364
Wigan,Chelsea,03/11/07,L,H,0,2,WLWLW,18,9,1.5,0.75
Wigan,Tottenham,11/11/07,W,A,4,0,LWLWL,18,11,1.3846153846153846,0.8461538461538461
Wigan,Arsenal,24/11/07,W,A,2,0,WLWLW,22,11,1.5714285714285714,0.7857142857142857
Wigan,Man City,01/12/07,D,H,1,1,LWLWW,24,11,1.6,0.7333333333333333
Wigan,Bolton,09/12/07,W,A,4,1,WLWWD,25,12,1.5625,0.75
Wigan,Blackburn,15/12/07,W,H,5,3,LWWDW,29,13,1.7058823529411764,0.7647058823529411
Wigan,Fulham,22/12/07,D,A,1,1,WWDWW,34,16,1.8888888888888888,0.8888888888888888
Wigan,Newcastle,26/12/07,W,H,1,0,WDWWD,35,17,1.8421052631578947,0.8947368421052632
Wigan,Aston Villa,29/12/07,L,H,1,2,DWWDW,36,17,1.8,0.85
Wigan,Liverpool,02/01/08,D,A,1,1,WWDWL,37,19,1.7619047619047619,0.9047619047619048
Wigan,Derby,12/01/08,L,A,0,1,WDWLD,38,20,1.7272727272727273,0.9090909090909091
Wigan,Everton,20/01/08,L,H,1,2,DWLDL,38,21,1.6521739130434783,0.9130434782608695
Wigan,Middlesbrough,29/01/08,W,A,1,0,WLDLL,39,23,1.625,0.9583333333333334
Wigan,West Ham,02/02/08,W,H,1,0,LDLLW,40,23,1.6,0.92
Wigan,Sunderland,09/02/08,W,A,2,0,DLLWW,41,23,1.5769230769230769,0.8846153846153846
Wigan,Derby,23/02/08,W,H,2,0,LLWWW,43,23,1.5925925925925926,0.8518518518518519
Wigan,Man City,01/03/08,D,A,0,0,LWWWW,45,23,1.6071428571428572,0.8214285714285714
Wigan,Arsenal,09/03/08,D,H,0,0,WWWWD,45,23,1.5517241379310345,0.7931034482758621
Wigan,Bolton,16/03/08,W,H,1,0,WWWDD,45,23,1.5,0.7666666666666667
Wigan,Blackburn,22/03/08,W,A,3,1,WWDDW,46,23,1.4838709677419355,0.7419354838709677
Wigan,Portsmouth,29/03/08,W,A,2,0,WDDWW,49,24,1.53125,0.75
Wigan,Birmingham,05/04/08,W,H,2,0,DDWWW,51,24,1.5454545454545454,0.7272727272727273
Wigan,Chelsea,14/04/08,D,A,1,1,DWWWW,53,24,1.5588235294117647,0.7058823529411765
Wigan,Tottenham,19/04/08,D,H,1,1,WWWWD,54,25,1.542857142857143,0.7142857142857143
Wigan,Reading,26/04/08,D,H,0,0,WWWDD,55,26,1.5277777777777777,0.7222222222222222
Wigan,Aston Villa,03/05/08,L,A,0,2,WWDDD,55,26,1.4864864864864864,0.7027027027027027
Wigan,Man United,11/05/08,L,H,0,2,WDDDL,55,28,1.4473684210526316,0.7368421052631579
Newcastle,Bolton,11/08/07,L,A,1,3,,0,0,0.0,0.0
Newcastle,Aston Villa,18/08/07,D,H,0,0,L,1,3,0.5,1.5
Newcastle,Middlesbrough,26/08/07,D,A,2,2,LD,1,3,0.3333333333333333,1.0
Newcastle,Wigan,01/09/07,W,H,1,0,LDD,3,5,0.75,1.25
Newcastle,Derby,17/09/07,W,A,1,0,LDDW,4,5,0.8,1.0
Newcastle,West Ham,23/09/07,W,H,3,1,LDDWW,5,5,0.8333333333333334,0.8333333333333334
Newcastle,Man City,29/09/07,W,A,3,1,DDWWW,8,6,1.1428571428571428,0.8571428571428571
Newcastle,Everton,07/10/07,W,H,3,2,DWWWW,11,7,1.375,0.875
Newcastle,Tottenham,22/10/07,W,H,3,1,WWWWW,14,9,1.5555555555555556,1.0
Newcastle,Reading,27/10/07,W,A,2,1,WWWWW,17,10,1.7,1.0
Newcastle,Portsmouth,03/11/07,L,H,1,4,WWWWW,19,11,1.7272727272727273,1.0
Newcastle,Sunderland,10/11/07,D,A,1,1,WWWWL,20,15,1.6666666666666667,1.25
Newcastle,Liverpool,24/11/07,L,H,0,3,WWWLD,21,16,1.6153846153846154,1.2307692307692308
Newcastle,Blackburn,01/12/07,W,A,3,1,WWLDL,21,19,1.5,1.3571428571428572
Newcastle,Arsenal,05/12/07,D,H,1,1,WLDLW,24,20,1.6,1.3333333333333333
Newcastle,Birmingham,08/12/07,W,H,2,1,LDLWD,25,21,1.5625,1.3125
Newcastle,Fulham,15/12/07,L,A,0,1,DLWDW,27,22,1.588235294117647,1.2941176470588236
Newcastle,Derby,23/12/07,D,H,2,2,LWDWL,27,23,1.5,1.2777777777777777
Newcastle,Wigan,26/12/07,W,A,1,0,WDWLD,29,25,1.5263157894736843,1.3157894736842106
Newcastle,Chelsea,29/12/07,W,A,2,1,DWLDW,30,25,1.5,1.25
Newcastle,Man City,02/01/08,L,H,0,2,WLDWW,32,26,1.5238095238095237,1.2380952380952381
Newcastle,Man United,12/01/08,W,A,6,0,LDWWL,32,28,1.4545454545454546,1.2727272727272727
Newcastle,Bolton,19/01/08,D,H,0,0,DWWLW,38,28,1.6521739130434783,1.2173913043478262
Newcastle,Arsenal,29/01/08,W,A,3,0,WWLWD,38,28,1.5833333333333333,1.1666666666666667
Newcastle,Middlesbrough,03/02/08,D,H,1,1,WLWDW,41,28,1.64,1.12
Newcastle,Aston Villa,09/02/08,W,A,4,1,LWDWD,42,29,1.6153846153846154,1.1153846153846154
Newcastle,Man United,23/02/08,L,H,1,5,WDWDW,46,30,1.7037037037037037,1.1111111111111112
Newcastle,Blackburn,01/03/08,L,H,0,1,DWDWL,47,35,1.6785714285714286,1.25
Newcastle,Liverpool,08/03/08,W,A,3,0,WDWLL,47,36,1.6206896551724137,1.2413793103448276
Newcastle,Birmingham,17/03/08,D,A,1,1,DWLLW,50,36,1.6666666666666667,1.2
Newcastle,Fulham,22/03/08,W,H,2,0,WLLWD,51,37,1.6451612903225807,1.1935483870967742
Newcastle,Tottenham,30/03/08,L,A,1,4,LLWDW,53,37,1.65625,1.15625
Newcastle,Reading,05/04/08,W,H,3,0,LWDWL,54,41,1.6363636363636365,1.2424242424242424
Newcastle,Portsmouth,12/04/08,D,A,0,0,WDWLW,57,41,1.6764705882352942,1.2058823529411764
Newcastle,Sunderland,20/04/08,W,H,2,0,DWLWD,57,41,1.6285714285714286,1.1714285714285715
Newcastle,West Ham,26/04/08,D,A,2,2,WLWDW,59,41,1.6388888888888888,1.1388888888888888
Newcastle,Chelsea,05/05/08,L,H,0,2,LWDWD,61,43,1.6486486486486487,1.162162162162162
Newcastle,Everton,11/05/08,W,A,3,1,WDWDL,61,45,1.605263157894737,1.1842105263157894
Everton,Wigan,11/08/07,W,H,2,1,,0,0,0.0,0.0
Everton,Tottenham,14/08/07,L,A,1,3,W,2,1,1.0,0.5
Everton,Reading,18/08/07,W,A,1,0,WL,3,4,1.0,1.3333333333333333
Everton,Blackburn,25/08/07,D,H,1,1,WLW,4,4,1.0,1.0
Everton,Bolton,01/09/07,L,A,1,2,WLWD,5,5,1.0,1.0
Everton,Man United,15/09/07,L,H,0,1,WLWDL,6,7,1.0,1.1666666666666667
Everton,Aston Villa,23/09/07,W,A,2,0,LWDLL,6,8,0.8571428571428571,1.1428571428571428
Everton,Middlesbrough,30/09/07,W,H,2,0,WDLLW,8,8,1.0,1.0
Everton,Newcastle,07/10/07,W,A,3,2,DLLWW,10,8,1.1111111111111112,0.8888888888888888
Everton,Liverpool,20/10/07,L,H,1,2,LLWWW,13,10,1.3,1.0
Everton,Derby,28/10/07,L,A,0,2,LWWWL,14,12,1.2727272727272727,1.0909090909090908
Everton,Birmingham,03/11/07,W,H,3,1,WWWLL,14,14,1.1666666666666667,1.1666666666666667
Everton,Chelsea,11/11/07,D,A,1,1,WWLLW,17,15,1.3076923076923077,1.1538461538461537
Everton,Sunderland,24/11/07,W,H,7,1,WLLWD,18,16,1.2857142857142858,1.1428571428571428
Everton,Portsmouth,01/12/07,D,A,0,0,LLWDW,25,17,1.6666666666666667,1.1333333333333333
Everton,Fulham,08/12/07,W,H,3,0,LWDWD,25,17,1.5625,1.0625
Everton,West Ham,15/12/07,L,A,0,2,WDWDW,28,17,1.6470588235294117,1.0
Everton,Man United,23/12/07,W,A,2,1,DWDWL,28,19,1.5555555555555556,1.0555555555555556
Everton,Bolton,26/12/07,W,H,2,0,WDWLW,30,20,1.5789473684210527,1.0526315789473684
Everton,Arsenal,29/12/07,L,H,1,4,DWLWW,32,20,1.6,1.0
Everton,Middlesbrough,01/01/08,L,A,0,2,WLWWL,33,24,1.5714285714285714,1.1428571428571428
Everton,Man City,12/01/08,W,H,1,0,LWWLL,33,26,1.5,1.1818181818181819
Everton,Wigan,20/01/08,L,A,1,2,WWLLW,34,26,1.4782608695652173,1.1304347826086956
Everton,Tottenham,30/01/08,D,H,0,0,WLLWL,35,28,1.4583333333333333,1.1666666666666667
Everton,Blackburn,02/02/08,D,A,0,0,LLWLD,35,28,1.4,1.12
Everton,Reading,09/02/08,W,H,1,0,LWLDD,35,28,1.3461538461538463,1.0769230769230769
Everton,Man City,25/02/08,L,A,0,2,WLDDW,36,28,1.3333333333333333,1.037037037037037
Everton,Portsmouth,02/03/08,W,H,3,1,LDDWL,36,30,1.2857142857142858,1.0714285714285714
Everton,Sunderland,09/03/08,L,A,0,1,DDWLW,39,31,1.3448275862068966,1.0689655172413792
Everton,Fulham,16/03/08,W,A,1,0,DWLWL,39,32,1.3,1.0666666666666667
Everton,West Ham,22/03/08,D,H,1,1,WLWLW,40,32,1.2903225806451613,1.032258064516129
Everton,Liverpool,30/03/08,W,A,1,0,LWLWD,41,33,1.28125,1.03125
Everton,Derby,06/04/08,W,H,1,0,WLWDW,42,33,1.2727272727272727,1.0
Everton,Birmingham,12/04/08,D,A,1,1,LWDWW,43,33,1.2647058823529411,0.9705882352941176
Everton,Chelsea,17/04/08,L,H,0,1,WDWWD,44,34,1.2571428571428571,0.9714285714285714
Everton,Aston Villa,27/04/08,D,H,2,2,DWWDL,44,35,1.2222222222222223,0.9722222222222222
Everton,Arsenal,04/05/08,W,A,1,0,WWDLD,46,37,1.2432432432432432,1.0
Everton,Newcastle,11/05/08,W,H,3,1,WDLDW,47,37,1.236842105263158,0.9736842105263158
Blackburn,Middlesbrough,11/08/07,L,A,1,2,,0,0,0.0,0.0
Blackburn,Arsenal,19/08/07,D,H,1,1,L,1,2,0.5,1.0
Blackburn,Everton,25/08/07,D,A,1,1,LD,2,3,0.6666666666666666,1.0
Blackburn,Man City,02/09/07,W,H,1,0,LDD,3,4,0.75,1.0
Blackburn,Chelsea,15/09/07,D,A,0,0,LDDW,4,4,0.8,0.8
Blackburn,Portsmouth,23/09/07,L,H,0,1,LDDWD,4,4,0.6666666666666666,0.6666666666666666
Blackburn,Sunderland,29/09/07,L,A,1,2,DDWDL,4,5,0.5714285714285714,0.7142857142857143
Blackburn,Birmingham,07/10/07,W,H,2,1,DWDLL,5,7,0.625,0.875
Blackburn,Reading,20/10/07,W,H,4,2,WDLLW,7,8,0.7777777777777778,0.8888888888888888
Blackburn,Tottenham,28/10/07,L,A,1,2,DLLWW,11,10,1.1,1.0
Blackburn,Liverpool,03/11/07,D,H,0,0,LLWWL,12,12,1.0909090909090908,1.0909090909090908
Blackburn,Man United,11/11/07,W,A,2,0,LWWLD,12,12,1.0,1.0
Blackburn,Fulham,25/11/07,D,A,2,2,WWLDW,14,12,1.0769230769230769,0.9230769230769231
Blackburn,Aston Villa,28/11/07,L,H,0,4,WLDWD,16,14,1.1428571428571428,1.0
Blackburn,Newcastle,01/12/07,W,H,3,1,LDWDL,16,18,1.0666666666666667,1.2
Blackburn,West Ham,09/12/07,L,H,0,1,DWDLW,19,19,1.1875,1.1875
Blackburn,Wigan,15/12/07,W,A,5,3,WDLWL,19,20,1.1176470588235294,1.1764705882352942
Blackburn,Chelsea,23/12/07,L,H,0,1,DLWLW,24,23,1.3333333333333333,1.2777777777777777
Blackburn,Man City,27/12/07,D,A,2,2,LWLWL,24,24,1.263157894736842,1.263157894736842
Blackburn,Derby,30/12/07,L,A,1,2,WLWLD,26,26,1.3,1.3
Blackburn,Sunderland,02/01/08,W,H,1,0,LWLDL,27,28,1.2857142857142858,1.3333333333333333
Blackburn,Bolton,13/01/08,L,A,1,2,WLDLW,28,28,1.2727272727272727,1.2727272727272727
Blackburn,Middlesbrough,19/01/08,D,H,1,1,LDLWL,29,30,1.2608695652173914,1.3043478260869565
Blackburn,Aston Villa,26/01/08,D,A,1,1,DLWLD,30,31,1.25,1.2916666666666667
Blackburn,Everton,02/02/08,D,H,0,0,LWLDD,31,32,1.24,1.28
Blackburn,Arsenal,11/02/08,W,A,2,0,WLDDD,31,32,1.1923076923076923,1.2307692307692308
Blackburn,Bolton,24/02/08,W,H,4,1,LDDDW,33,32,1.2222222222222223,1.1851851851851851
Blackburn,Newcastle,01/03/08,L,A,0,1,DDDWW,37,33,1.3214285714285714,1.1785714285714286
Blackburn,Fulham,08/03/08,D,H,1,1,DDWWL,37,34,1.2758620689655173,1.1724137931034482
Blackburn,West Ham,15/03/08,W,A,2,1,DWWLD,38,35,1.2666666666666666,1.1666666666666667
Blackburn,Wigan,22/03/08,W,H,3,1,WWLDW,40,36,1.2903225806451613,1.1612903225806452
Blackburn,Reading,29/03/08,D,A,0,0,WLDWW,43,37,1.34375,1.15625
Blackburn,Tottenham,05/04/08,D,H,1,1,LDWWD,43,37,1.303030303030303,1.121212121212121
Blackburn,Liverpool,13/04/08,W,A,3,1,DWWDD,44,38,1.2941176470588236,1.1176470588235294
Blackburn,Man United,19/04/08,D,H,1,1,WWDDW,47,39,1.3428571428571427,1.1142857142857143
Blackburn,Portsmouth,27/04/08,L,A,0,1,WDDWD,48,40,1.3333333333333333,1.1111111111111112
Blackburn,Derby,03/05/08,W,H,3,1,DDWDL,48,41,1.2972972972972974,1.1081081081081081
Blackburn,Birmingham,11/05/08,W,A,4,1,DWDLW,51,42,1.3421052631578947,1.105263157894737
Man City,West Ham,11/08/07,L,A,0,2,,0,0,0.0,0.0
Man City,Derby,15/08/07,W,H,1,0,L,0,2,0.0,1.0
Man City,Man United,19/08/07,W,H,1,0,LW,1,2,0.3333333333333333,0.6666666666666666
Man City,Arsenal,25/08/07,W,A,1,0,LWW,2,2,0.5,0.5
Man City,Blackburn,02/09/07,W,A,1,0,LWWW,3,2,0.6,0.4
Man City,Aston Villa,16/09/07,W,H,1,0,LWWWW,4,2,0.6666666666666666,0.3333333333333333
Man City,Fulham,22/09/07,D,A,3,3,WWWWW,5,2,0.7142857142857143,0.2857142857142857
Man City,Newcastle,29/09/07,W,H,3,1,WWWWD,8,5,1.0,0.625
Man City,Middlesbrough,07/10/07,W,H,3,1,WWWDW,11,6,1.2222222222222223,0.6666666666666666
Man City,Birmingham,20/10/07,W,H,1,0,WWDWW,14,7,1.4,0.7
Man City,Chelsea,27/10/07,W,A,6,0,WDWWW,15,7,1.3636363636363635,0.6363636363636364
Man City,Sunderland,05/11/07,W,H,1,0,DWWWW,21,7,1.75,0.5833333333333334
Man City,Portsmouth,11/11/07,D,A,0,0,WWWWW,22,7,1.6923076923076923,0.5384615384615384
Man City,Reading,24/11/07,W,H,2,1,WWWWD,22,7,1.5714285714285714,0.5
Man City,Wigan,01/12/07,D,A,1,1,WWWDW,24,8,1.6,0.5333333333333333
Man City,Tottenham,09/12/07,W,A,2,1,WWDWD,25,9,1.5625,0.5625
Man City,Bolton,15/12/07,W,H,4,2,WDWDW,27,10,1.588235294117647,0.5882352941176471
Man City,Aston Villa,22/12/07,D,A,1,1,DWDWW,31,12,1.7222222222222223,0.6666666666666666
Man City,Blackburn,27/12/07,D,H,2,2,WDWWD,32,13,1.6842105263157894,0.6842105263157895
Man City,Liverpool,30/12/07,D,H,0,0,DWWDD,34,15,1.7,0.75
Man City,Newcastle,02/01/08,L,A,0,2,WWDDD,34,15,1.619047619047619,0.7142857142857143
Man City,Everton,12/01/08,W,A,1,0,WDDDL,34,17,1.5454545454545454,0.7727272727272727
Man City,West Ham,20/01/08,D,H,1,1,DDDLW,35,17,1.5217391304347827,0.7391304347826086
Man City,Derby,30/01/08,D,A,1,1,DDLWD,36,18,1.5,0.75
Man City,Arsenal,02/02/08,L,H,1,3,DLWDD,37,19,1.48,0.76
Man City,Man United,10/02/08,L,A,1,2,LWDDL,38,22,1.4615384615384615,0.8461538461538461
Man City,Everton,25/02/08,L,H,0,2,WDDLL,39,24,1.4444444444444444,0.8888888888888888
Man City,Wigan,01/03/08,D,H,0,0,DDLLL,39,26,1.3928571428571428,0.9285714285714286
Man City,Reading,08/03/08,W,A,2,0,DLLLD,39,26,1.3448275862068966,0.896551724137931
Man City,Tottenham,16/03/08,W,H,2,1,LLLDW,41,26,1.3666666666666667,0.8666666666666667
Man City,Bolton,22/03/08,D,A,0,0,LLDWW,43,27,1.3870967741935485,0.8709677419354839
Man City,Birmingham,29/03/08,W,A,3,1,LDWWD,43,27,1.34375,0.84375
Man City,Chelsea,05/04/08,L,H,0,2,DWWDW,46,28,1.393939393939394,0.8484848484848485
Man City,Sunderland,12/04/08,L,A,1,2,WWDWL,46,30,1.3529411764705883,0.8823529411764706
Man City,Portsmouth,20/04/08,W,H,3,1,WDWLL,47,32,1.3428571428571427,0.9142857142857143
Man City,Fulham,26/04/08,L,H,2,3,DWLLW,50,33,1.3888888888888888,0.9166666666666666
Man City,Liverpool,04/05/08,W,A,1,0,WLLWL,52,36,1.4054054054054055,0.972972972972973
Man City,Middlesbrough,11/05/08,W,A,8,1,LLWLW,53,36,1.394736842105263,0.9473684210526315
Fulham,Arsenal,12/08/07,W,A,2,1,,0,0,0.0,0.0
Fulham,Bolton,15/08/07,W,H,2,1,W,2,1,1.0,0.5
Fulham,Middlesbrough,18/08/07,L,H,1,2,WW,4,2,1.3333333333333333,0.6666666666666666
Fulham,Aston Villa,25/08/07,W,A,2,1,WWL,5,4,1.25,1.0
Fulham,Tottenham,01/09/07,D,H,3,3,WWLW,7,5,1.4,1.0
Fulham,Wigan,15/09/07,D,A,1,1,WWLWD,10,8,1.6666666666666667,1.3333333333333333
Fulham,Man City,22/09/07,D,H,3,3,WLWDD,11,9,1.5714285714285714,1.2857142857142858
Fulham,Chelsea,29/09/07,D,A,0,0,LWDDD,14,12,1.75,1.5
Fulham,Portsmouth,07/10/07,L,H,0,2,WDDDD,14,12,1.5555555555555556,1.3333333333333333
Fulham,Derby,20/10/07,D,H,0,0,DDDDL,14,14,1.4,1.4
Fulham,Sunderland,27/10/07,D,A,1,1,DDDLD,14,14,1.2727272727272727,1.2727272727272727
Fulham,Reading,03/11/07,W,H,3,1,DDLDD,15,15,1.25,1.25
Fulham,Liverpool,10/11/07,W,A,2,0,DLDDW,18,16,1.3846153846153846,1.2307692307692308
Fulham,Blackburn,25/11/07,D,H,2,2,LDDWW,20,16,1.4285714285714286,1.1428571428571428
Fulham,Man United,03/12/07,W,A,2,0,DDWWD,22,18,1.4666666666666666,1.2
Fulham,Everton,08/12/07,W,A,3,0,DWWDW,24,18,1.5,1.125
Fulham,Newcastle,15/12/07,L,H,0,1,WWDWW,27,18,1.588235294117647,1.0588235294117647
Fulham,Wigan,22/12/07,D,H,1,1,WDWWL,27,19,1.5,1.0555555555555556
Fulham,Tottenham,26/12/07,W,A,5,1,DWWLD,28,20,1.4736842105263157,1.0526315789473684
Fulham,Birmingham,29/12/07,D,A,1,1,WWLDW,33,21,1.65,1.05
Fulham,Chelsea,01/01/08,L,H,1,2,WLDWD,34,22,1.619047619047619,1.0476190476190477
Fulham,West Ham,12/01/08,W,A,2,1,LDWDL,35,24,1.5909090909090908,1.0909090909090908
Fulham,Arsenal,19/01/08,L,H,0,3,DWDLW,37,25,1.608695652173913,1.0869565217391304
Fulham,Bolton,29/01/08,D,A,0,0,WDLWL,37,28,1.5416666666666667,1.1666666666666667
Fulham,Aston Villa,03/02/08,W,H,2,1,DLWLD,37,28,1.48,1.12
Fulham,Middlesbrough,09/02/08,W,A,1,0,LWLDW,39,29,1.5,1.1153846153846154
Fulham,West Ham,23/02/08,L,H,0,1,WLDWW,40,29,1.4814814814814814,1.0740740740740742
Fulham,Man United,01/03/08,L,H,0,3,LDWWL,40,30,1.4285714285714286,1.0714285714285714
Fulham,Blackburn,08/03/08,D,A,1,1,DWWLL,40,33,1.3793103448275863,1.1379310344827587
Fulham,Everton,16/03/08,W,H,1,0,WWLLD,41,34,1.3666666666666667,1.1333333333333333
Fulham,Newcastle,22/03/08,W,A,2,0,WLLDW,42,34,1.3548387096774193,1.096774193548387
Fulham,Derby,29/03/08,D,A,2,2,LLDWW,44,34,1.375,1.0625
Fulham,Sunderland,05/04/08,L,H,1,3,LDWWD,46,36,1.393939393939394,1.0909090909090908
Fulham,Reading,12/04/08,L,A,0,2,DWWDL,47,39,1.3823529411764706,1.1470588235294117
Fulham,Liverpool,19/04/08,L,H,0,2,WWDLL,47,41,1.3428571428571427,1.1714285714285715
Fulham,Man City,26/04/08,L,A,2,3,WDLLL,47,43,1.3055555555555556,1.1944444444444444
Fulham,Birmingham,03/05/08,W,H,2,0,DLLLL,49,46,1.3243243243243243,1.2432432432432432
Fulham,Portsmouth,11/05/08,L,A,0,1,LLLLW,51,46,1.3421052631578947,1.2105263157894737
Birmingham,Chelsea,12/08/07,W,A,3,2,,0,0,0.0,0.0
Birmingham,Sunderland,15/08/07,D,H,2,2,W,3,2,1.5,1.0
Birmingham,West Ham,18/08/07,L,H,0,1,WD,5,4,1.6666666666666667,1.3333333333333333
Birmingham,Derby,25/08/07,L,A,1,2,WDL,5,5,1.25,1.25
Birmingham,Middlesbrough,01/09/07,W,A,2,0,WDLL,6,7,1.2,1.4
Birmingham,Bolton,15/09/07,W,H,1,0,WDLLW,8,7,1.3333333333333333,1.1666666666666667
Birmingham,Liverpool,22/09/07,D,A,0,0,DLLWW,9,7,1.2857142857142858,1.0
Birmingham,Man United,29/09/07,L,H,0,1,LLWWD,9,7,1.125,0.875
Birmingham,Blackburn,07/10/07,W,A,2,1,LWWDL,9,8,1.0,0.8888888888888888
Birmingham,Man City,20/10/07,W,A,1,0,WWDLW,11,9,1.1,0.9
Birmingham,Wigan,27/10/07,W,H,3,2,WDLWW,12,9,1.0909090909090908,0.8181818181818182
Birmingham,Everton,03/11/07,W,A,3,1,DLWWW,15,11,1.25,0.9166666666666666
Birmingham,Aston Villa,11/11/07,L,H,1,2,LWWWW,18,12,1.3846153846153846,0.9230769230769231
Birmingham,Portsmouth,24/11/07,L,H,0,2,WWWWL,19,14,1.3571428571428572,1.0
Birmingham,Tottenham,02/12/07,L,A,2,3,WWWLL,19,16,1.2666666666666666,1.0666666666666667
Birmingham,Newcastle,08/12/07,W,A,2,1,WWLLL,21,19,1.3125,1.1875
Birmingham,Reading,15/12/07,D,H,1,1,WLLLW,23,20,1.3529411764705883,1.1764705882352942
Birmingham,Bolton,22/12/07,W,A,3,0,LLLWD,24,21,1.3333333333333333,1.1666666666666667
Birmingham,Middlesbrough,26/12/07,W,H,3,0,LLWDW,27,21,1.4210526315789473,1.105263157894737
Birmingham,Fulham,29/12/07,D,H,1,1,LWDWW,30,21,1.5,1.05
Birmingham,Man United,01/01/08,W,A,1,0,WDWWD,31,22,1.4761904761904763,1.0476190476190477
Birmingham,Arsenal,12/01/08,D,A,1,1,DWWDW,32,22,1.4545454545454546,1.0
Birmingham,Chelsea,19/01/08,L,H,0,1,WWDWD,33,23,1.434782608695652,1.0
Birmingham,Sunderland,29/01/08,W,A,2,0,WDWDL,33,24,1.375,1.0
Birmingham,Derby,02/02/08,D,H,1,1,DWDLW,35,24,1.4,0.96
Birmingham,West Ham,09/02/08,D,A,1,1,WDLWD,36,25,1.3846153846153846,0.9615384615384616
Birmingham,Arsenal,23/02/08,D,H,2,2,DLWDD,37,26,1.3703703703703705,0.9629629629629629
Birmingham,Tottenham,01/03/08,W,H,4,1,LWDDD,39,28,1.3928571428571428,1.0
Birmingham,Portsmouth,12/03/08,W,A,4,2,WDDDW,43,29,1.4827586206896552,1.0
Birmingham,Newcastle,17/03/08,D,H,1,1,DDDWW,47,31,1.5666666666666667,1.0333333333333334
Birmingham,Reading,22/03/08,W,A,2,1,DDWWD,48,32,1.5483870967741935,1.032258064516129
Birmingham,Man City,29/03/08,W,H,3,1,DWWDW,50,33,1.5625,1.03125
Birmingham,Wigan,05/04/08,W,A,2,0,WWDWW,53,34,1.606060606060606,1.0303030303030303
Birmingham,Everton,12/04/08,D,H,1,1,WDWWW,55,34,1.6176470588235294,1.0
Birmingham,Aston Villa,20/04/08,W,A,5,1,DWWWD,56,35,1.6,1.0
Birmingham,Liverpool,26/04/08,D,H,2,2,WWWDW,61,36,1.6944444444444444,1.0
Birmingham,Fulham,03/05/08,W,A,2,0,WWDWD,63,38,1.7027027027027026,1.027027027027027
Birmingham,Blackburn,11/05/08,W,H,4,1,WDWDW,65,38,1.7105263157894737,1.0
Liverpool,Aston Villa,11/08/07,L,A,1,2,,0,0,0.0,0.0
Liverpool,Chelsea,19/08/07,D,H,1,1,L,1,2,0.5,1.0
Liverpool,Sunderland,25/08/07,L,A,0,2,LD,2,3,0.6666666666666666,1.0
Liverpool,Derby,01/09/07,W,H,6,0,LDL,2,5,0.5,1.25
Liverpool,Portsmouth,15/09/07,D,A,0,0,LDLW,8,5,1.6,1.0
Liverpool,Birmingham,22/09/07,D,H,0,0,LDLWD,8,5,1.3333333333333333,0.8333333333333334
Liverpool,Wigan,29/09/07,L,A,0,1,DLWDD,8,5,1.1428571428571428,0.7142857142857143
Liverpool,Tottenham,07/10/07,D,H,2,2,LWDDL,8,6,1.0,0.75
Liverpool,Everton,20/10/07,L,A,1,2,WDDLD,10,8,1.1111111111111112,0.8888888888888888
Liverpool,Arsenal,28/10/07,D,H,1,1,DDLDL,11,10,1.1,1.0
Liverpool,Blackburn,03/11/07,D,A,0,0,DLDLD,12,11,1.0909090909090908,1.0
Liverpool,Fulham,10/11/07,W,H,2,0,LDLDD,12,11,1.0,0.9166666666666666
Liverpool,Newcastle,24/11/07,L,A,0,3,DLDDW,14,11,1.0769230769230769,0.8461538461538461
Liverpool,Bolton,02/12/07,W,H,4,0,LDDWL,14,14,1.0,1.0
Liverpool,Reading,08/12/07,W,A,3,1,DDWLW,18,14,1.2,0.9333333333333333
Liverpool,Man United,16/12/07,L,H,0,1,DWLWW,21,15,1.3125,0.9375
Liverpool,Portsmouth,22/12/07,W,H,4,1,WLWWL,21,16,1.2352941176470589,0.9411764705882353
Liverpool,Derby,26/12/07,L,A,1,2,LWWLW,25,17,1.3888888888888888,0.9444444444444444
Liverpool,Man City,30/12/07,D,A,0,0,WWLWL,26,19,1.368421052631579,1.0
Liverpool,Wigan,02/01/08,D,H,1,1,WLWLD,26,19,1.3,0.95
Liverpool,Middlesbrough,12/01/08,D,A,1,1,LWLDD,27,20,1.2857142857142858,0.9523809523809523
Liverpool,Aston Villa,21/01/08,D,H,2,2,WLDDD,28,21,1.2727272727272727,0.9545454545454546
Liverpool,West Ham,30/01/08,W,A,1,0,LDDDD,30,23,1.3043478260869565,1.0
Liverpool,Sunderland,02/02/08,W,H,3,0,DDDDW,31,23,1.2916666666666667,0.9583333333333334
Liverpool,Chelsea,10/02/08,D,A,0,0,DDDWW,34,23,1.36,0.92
Liverpool,Middlesbrough,23/02/08,W,H,3,2,DDWWD,34,23,1.3076923076923077,0.8846153846153846
Liverpool,Bolton,02/03/08,L,A,1,3,DWWDW,37,25,1.3703703703703705,0.9259259259259259
Liverpool,West Ham,05/03/08,W,H,4,0,WWDWL,38,28,1.3571428571428572,1.0
Liverpool,Newcastle,08/03/08,W,H,3,0,WDWLW,42,28,1.4482758620689655,0.9655172413793104
Liverpool,Reading,15/03/08,W,H,2,1,DWLWW,45,28,1.5,0.9333333333333333
Liverpool,Man United,23/03/08,W,A,3,0,WLWWW,47,29,1.5161290322580645,0.9354838709677419
Liverpool,Everton,30/03/08,W,H,1,0,LWWWW,50,29,1.5625,0.90625
Liverpool,Arsenal,05/04/08,D,A,1,1,WWWWW,51,29,1.5454545454545454,0.8787878787878788
Liverpool,Blackburn,13/04/08,W,H,3,1,WWWWD,52,30,1.5294117647058822,0.8823529411764706
Liverpool,Fulham,19/04/08,L,A,0,2,WWWDW,55,31,1.5714285714285714,0.8857142857142857
Liverpool,Birmingham,26/04/08,D,A,2,2,WWDWL,55,33,1.5277777777777777,0.9166666666666666
Liverpool,Man City,04/05/08,W,H,1,0,WDWLD,57,35,1.5405405405405406,0.9459459459459459
Liverpool,Tottenham,11/05/08,L,A,0,2,DWLDW,58,35,1.5263157894736843,0.9210526315789473
Reading,Man United,12/08/07,D,A,0,0,,0,0,0.0,0.0
Reading,Chelsea,15/08/07,L,H,1,2,D,0,0,0.0,0.0
Reading,Everton,18/08/07,W,H,1,0,DL,1,2,0.3333333333333333,0.6666666666666666
Reading,Bolton,25/08/07,W,A,3,0,DLW,2,2,0.5,0.5
Reading,West Ham,01/09/07,L,H,0,3,DLWW,5,2,1.0,0.4
Reading,Sunderland,15/09/07,W,A,2,1,DLWWL,5,5,0.8333333333333334,0.8333333333333334
Reading,Wigan,22/09/07,W,H,2,1,LWWLW,7,6,1.0,0.8571428571428571
Reading,Portsmouth,29/09/07,W,A,7,4,WWLWW,9,7,1.125,0.875
Reading,Derby,07/10/07,W,H,1,0,WLWWW,16,11,1.7777777777777777,1.2222222222222223
Reading,Blackburn,20/10/07,W,A,4,2,LWWWW,17,11,1.7,1.1
Reading,Newcastle,27/10/07,W,H,2,1,WWWWW,21,13,1.9090909090909092,1.1818181818181819
Reading,Fulham,03/11/07,W,A,3,1,WWWWW,23,14,1.9166666666666667,1.1666666666666667
Reading,Arsenal,12/11/07,L,H,1,3,WWWWW,26,15,2.0,1.1538461538461537
Reading,Man City,24/11/07,W,A,2,1,WWWWL,27,18,1.9285714285714286,1.2857142857142858
Reading,Middlesbrough,01/12/07,D,H,1,1,WWWLW,29,19,1.9333333333333333,1.2666666666666666
Reading,Liverpool,08/12/07,W,H,3,1,WWLWD,30,20,1.875,1.25
Reading,Birmingham,15/12/07,D,A,1,1,WLWDW,33,21,1.9411764705882353,1.2352941176470589
Reading,Sunderland,22/12/07,W,H,2,1,LWDWD,34,22,1.8888888888888888,1.2222222222222223
Reading,West Ham,26/12/07,D,A,1,1,WDWDW,36,23,1.894736842105263,1.2105263157894737
Reading,Tottenham,29/12/07,W,A,6,4,DWDWD,37,24,1.85,1.2
Reading,Portsmouth,01/01/08,L,H,0,2,WDWDW,43,28,2.0476190476190474,1.3333333333333333
Reading,Aston Villa,12/01/08,W,A,3,1,DWDWL,43,30,1.9545454545454546,1.3636363636363635
Reading,Man United,19/01/08,L,H,0,2,WDWLW,46,31,2.0,1.3478260869565217
Reading,Chelsea,30/01/08,W,A,1,0,DWLWL,46,33,1.9166666666666667,1.375
Reading,Bolton,02/02/08,L,H,0,2,WLWLW,47,33,1.88,1.32
Reading,Everton,09/02/08,W,A,1,0,LWLWL,47,35,1.8076923076923077,1.3461538461538463
Reading,Aston Villa,24/02/08,L,H,1,2,WLWLW,48,35,1.7777777777777777,1.2962962962962963
Reading,Middlesbrough,01/03/08,L,A,0,1,LWLWL,49,37,1.75,1.3214285714285714
Reading,Man City,08/03/08,W,H,2,0,WLWLL,49,38,1.6896551724137931,1.3103448275862069
Reading,Liverpool,15/03/08,W,A,2,1,LWLLW,51,38,1.7,1.2666666666666666
Reading,Birmingham,22/03/08,W,H,2,1,WLLWW,53,39,1.7096774193548387,1.2580645161290323
Reading,Blackburn,29/03/08,D,H,0,0,LLWWW,55,40,1.71875,1.25
Reading,Newcastle,05/04/08,W,A,3,0,LWWWD,55,40,1.6666666666666667,1.2121212121212122
Reading,Fulham,12/04/08,L,H,0,2,WWWDW,58,40,1.7058823529411764,1.1764705882352942
Reading,Arsenal,19/04/08,W,A,2,0,WWDWL,58,42,1.6571428571428573,1.2
Reading,Wigan,26/04/08,D,A,0,0,WDWLW,60,42,1.6666666666666667,1.1666666666666667
Reading,Tottenham,03/05/08,L,H,0,1,DWLWD,60,42,1.6216216216216217,1.135135135135135
Reading,Derby,11/05/08,L,A,0,4,WLWDL,60,43,1.5789473684210527,1.131578947368421
Bolton,Newcastle,11/08/07,L,H,1,3,,0,0,0.0,0.0
Bolton,Fulham,15/08/07,W,A,2,1,L,1,3,0.5,1.5
Bolton,Portsmouth,18/08/07,W,A,3,1,LW,3,4,1.0,1.3333333333333333
Bolton,Reading,25/08/07,W,H,3,0,LWW,6,5,1.5,1.25
Bolton,Everton,01/09/07,L,H,1,2,LWWW,9,5,1.8,1.0
Bolton,Birmingham,15/09/07,W,A,1,0,LWWWL,10,7,1.6666666666666667,1.1666666666666667
Bolton,Tottenham,23/09/07,D,H,1,1,WWWLW,11,7,1.5714285714285714,1.0
Bolton,Derby,29/09/07,D,A,1,1,WWLWD,12,8,1.5,1.0
Bolton,Chelsea,07/10/07,L,H,0,1,WLWDD,13,9,1.4444444444444444,1.0
Bolton,Arsenal,20/10/07,W,A,2,0,LWDDL,13,10,1.3,1.0
Bolton,Aston Villa,28/10/07,D,H,1,1,WDDLW,15,10,1.3636363636363635,0.9090909090909091
Bolton,West Ham,04/11/07,D,A,1,1,DDLWD,16,11,1.3333333333333333,0.9166666666666666
Bolton,Middlesbrough,11/11/07,D,H,0,0,DLWDD,17,12,1.3076923076923077,0.9230769230769231
Bolton,Man United,24/11/07,W,H,1,0,LWDDD,17,12,1.2142857142857142,0.8571428571428571
Bolton,Liverpool,02/12/07,W,A,4,0,WDDDW,18,12,1.2,0.8
Bolton,Wigan,09/12/07,W,H,4,1,DDDWW,22,12,1.375,0.75
Bolton,Man City,15/12/07,W,A,4,2,DDWWW,26,13,1.5294117647058822,0.7647058823529411
Bolton,Birmingham,22/12/07,W,H,3,0,DWWWW,30,15,1.6666666666666667,0.8333333333333334
Bolton,Everton,26/12/07,W,A,2,0,WWWWW,33,15,1.736842105263158,0.7894736842105263
Bolton,Sunderland,29/12/07,W,A,3,1,WWWWW,35,15,1.75,0.75
Bolton,Derby,02/01/08,W,H,1,0,WWWWW,38,16,1.8095238095238095,0.7619047619047619
Bolton,Blackburn,13/01/08,L,H,1,2,WWWWW,39,16,1.7727272727272727,0.7272727272727273
Bolton,Newcastle,19/01/08,D,A,0,0,WWWWL,40,18,1.7391304347826086,0.782608695652174
Bolton,Fulham,29/01/08,D,H,0,0,WWWLD,40,18,1.6666666666666667,0.75
Bolton,Reading,02/02/08,L,A,0,2,WWLDD,40,18,1.6,0.72
Bolton,Portsmouth,09/02/08,L,H,0,1,WLDDL,40,20,1.5384615384615385,0.7692307692307693
Bolton,Blackburn,24/02/08,W,A,4,1,LDDLL,40,21,1.4814814814814814,0.7777777777777778
Bolton,Liverpool,02/03/08,L,H,1,3,DDLLW,44,22,1.5714285714285714,0.7857142857142857
Bolton,Wigan,16/03/08,W,A,1,0,DLLWL,45,25,1.5517241379310345,0.8620689655172413
Bolton,Man United,19/03/08,W,A,2,0,LLWLW,46,25,1.5333333333333334,0.8333333333333334
Bolton,Man City,22/03/08,D,H,0,0,LWLWW,48,25,1.5483870967741935,0.8064516129032258
Bolton,Arsenal,29/03/08,L,H,2,3,WLWWD,48,25,1.5,0.78125
Bolton,Aston Villa,05/04/08,W,A,4,0,LWWDL,50,28,1.5151515151515151,0.8484848484848485
Bolton,West Ham,12/04/08,W,H,1,0,WWDLW,54,28,1.588235294117647,0.8235294117647058
Bolton,Middlesbrough,19/04/08,L,A,0,1,WDLWW,55,28,1.5714285714285714,0.8
Bolton,Tottenham,26/04/08,D,A,1,1,DLWWL,55,29,1.5277777777777777,0.8055555555555556
Bolton,Sunderland,03/05/08,W,H,2,0,LWWLD,56,30,1.5135135135135136,0.8108108108108109
Bolton,Chelsea,11/05/08,D,A,1,1,WWLDW,58,30,1.5263157894736843,0.7894736842105263
Man United,Reading,12/08/07,D,H,0,0,,0,0,0.0,0.0
Man United,Portsmouth,15/08/07,D,A,1,1,D,0,0,0.0,0.0
Man United,Man City,19/08/07,W,A,1,0,DD,1,1,0.3333333333333333,0.3333333333333333
Man United,Tottenham,26/08/07,W,H,1,0,DDW,2,1,0.5,0.25
Man United,Sunderland,01/09/07,W,H,1,0,DDWW,3,1,0.6,0.2
Man United,Everton,15/09/07,L,A,0,1,DDWWW,4,1,0.6666666666666666,0.16666666666666666
Man United,Chelsea,23/09/07,W,H,2,0,DWWWL,4,2,0.5714285714285714,0.2857142857142857
Man United,Birmingham,29/09/07,L,A,0,1,WWWLW,6,2,0.75,0.25
Man United,Wigan,06/10/07,W,H,4,0,WWLWL,6,3,0.6666666666666666,0.3333333333333333
Man United,Aston Villa,20/10/07,L,A,1,4,WLWLW,10,3,1.0,0.3
Man United,Middlesbrough,27/10/07,W,H,4,1,LWLWL,11,7,1.0,0.6363636363636364
Man United,Arsenal,03/11/07,D,A,2,2,WLWLW,15,8,1.25,0.6666666666666666
Man United,Blackburn,11/11/07,W,H,2,0,LWLWD,17,10,1.3076923076923077,0.7692307692307693
Man United,Bolton,24/11/07,W,A,1,0,WLWDW,19,10,1.3571428571428572,0.7142857142857143
Man United,Fulham,03/12/07,W,H,2,0,LWDWW,20,10,1.3333333333333333,0.6666666666666666
Man United,Derby,08/12/07,W,H,4,1,WDWWW,22,10,1.375,0.625
Man United,Liverpool,16/12/07,L,A,0,1,DWWWW,26,11,1.5294117647058822,0.6470588235294118
Man United,Everton,23/12/07,W,H,2,1,WWWWL,26,12,1.4444444444444444,0.6666666666666666
Man United,Sunderland,26/12/07,L,A,0,4,WWWLW,28,13,1.4736842105263157,0.6842105263157895
Man United,West Ham,29/12/07,W,A,2,1,WWLWL,28,17,1.4,0.85
Man United,Birmingham,01/01/08,W,H,1,0,WLWLW,30,18,1.4285714285714286,0.8571428571428571
Man United,Newcastle,12/01/08,W,H,6,0,LWLWW,31,18,1.4090909090909092,0.8181818181818182
Man United,Reading,19/01/08,L,A,0,2,WLWWW,37,18,1.608695652173913,0.782608695652174
Man United,Portsmouth,30/01/08,W,H,2,0,LWWWL,37,20,1.5416666666666667,0.8333333333333334
Man United,Tottenham,02/02/08,D,A,1,1,WWWLW,39,20,1.56,0.8
Man United,Man City,10/02/08,L,H,1,2,WWLWD,40,21,1.5384615384615385,0.8076923076923077
Man United,Newcastle,23/02/08,L,A,1,5,WLWDL,41,23,1.5185185185185186,0.8518518518518519
Man United,Fulham,01/03/08,L,A,0,3,LWDLL,42,28,1.5,1.0
Man United,Derby,15/03/08,L,A,0,1,WDLLL,42,31,1.4482758620689655,1.0689655172413792
Man United,Bolton,19/03/08,W,H,2,0,DLLLL,42,32,1.4,1.0666666666666667
Man United,Liverpool,23/03/08,W,H,3,0,LLLLW,44,32,1.4193548387096775,1.032258064516129
Man United,Aston Villa,29/03/08,W,H,4,0,LLLWW,47,32,1.46875,1.0
Man United,Middlesbrough,06/04/08,D,A,2,2,LLWWW,51,32,1.5454545454545454,0.9696969696969697
Man United,Arsenal,13/04/08,W,H,2,1,LWWWD,53,34,1.5588235294117647,1.0
Man United,Blackburn,19/04/08,D,A,1,1,WWWDW,55,35,1.5714285714285714,1.0
Man United,Chelsea,26/04/08,W,A,2,1,WWDWD,56,36,1.5555555555555556,1.0
Man United,West Ham,03/05/08,W,H,4,1,WDWDW,58,37,1.5675675675675675,1.0
Man United,Wigan,11/05/08,L,A,0,2,DWDWW,62,38,1.631578947368421,1.0
